"bag_number","bottle_id","empty_bag_weight_g","sample_weight_g","ndf_weight_g","adf_weight_g","adl_weight_g","empty_crucible_weight_g","crucible_ash_weight_g","sample_type","quality_flag_bag","fulcrum_parent_id","leaf_chemistry_sample"
"1",,"0.5395",,"0.5444","0.542","0.5403","23.22","23.222","blank","good","17ec9326-ae02-4b95-984c-d3399dd3711a",
"2","11757342","0.5359","0.499","0.7224","0.6732","0.6228","33.0782","33.0823","sample","good","17ec9326-ae02-4b95-984c-d3399dd3711a","b62656ff-a793-4deb-aed2-434ce13b4cc0"
"3","11761603","0.5342","0.5011","0.8117","0.6624","0.5475","31.2172","31.2192","sample","good","17ec9326-ae02-4b95-984c-d3399dd3711a","73a43bbd-22f4-4672-97a5-d34ac536b398"
"4","11667486","0.5421","0.5012","0.719","0.6768","0.6321","28.8279","28.8322","sample","good","17ec9326-ae02-4b95-984c-d3399dd3711a","a7823174-8707-41f8-ad97-4c3245b9eeea"
"5","11828466","0.5355","0.5014","0.827","0.6743","0.5522","28.4373","28.439","sample","good","17ec9326-ae02-4b95-984c-d3399dd3711a","0d17af74-c3af-4e69-97ff-38ee75d803e9"
"6","11834388","0.5444","0.5012","0.7447","0.7075","0.636","25.2423","25.247","sample","good","17ec9326-ae02-4b95-984c-d3399dd3711a","cb864f56-99aa-48a0-a284-306a86efec33"
"7","12082242","0.5419","0.5007","0.8359","0.6812","0.5566","26.8166","26.8184","sample","good","17ec9326-ae02-4b95-984c-d3399dd3711a","60b1e289-c594-43a2-ad7b-cc6d1323a9bd"
"8","11932087","0.5298","0.5","0.636","0.6055","0.5674","28.6731","28.6754","sample","good","17ec9326-ae02-4b95-984c-d3399dd3711a","259e78a1-bf56-46c6-9c3a-5c9bb6e62594"
"9","11831160","0.5343","0.5007","0.8264","0.6731","0.5496","22.9307","22.9327","sample","good","17ec9326-ae02-4b95-984c-d3399dd3711a","82f1f312-8454-44ac-8059-46dba55ca121"
"10","11824578","0.4877","0.5","0.6673","0.6282","0.5619","30.5496","30.554","sample","good","17ec9326-ae02-4b95-984c-d3399dd3711a","98041be7-7005-459c-afc3-c5598b8f7a8d"
"11","12092581","0.5285","0.5018","0.817","0.6632","0.542","28.0325","28.0343","sample","good","17ec9326-ae02-4b95-984c-d3399dd3711a","429f5521-784b-4c7a-9bf5-266a182fa077"
"12","12086180","0.5354","0.5005","0.6504","0.6109","0.5738","29.3741","29.3764","sample","good","17ec9326-ae02-4b95-984c-d3399dd3711a","0434ad3c-2cb3-45f4-9aa9-dfe054d19f91"
"13","11935788","0.5188","0.4992","0.7048","0.6579","0.5987","29.2483","29.2529","sample","good","17ec9326-ae02-4b95-984c-d3399dd3711a","cd1241e2-a646-4158-a873-e46dc819efe7"
"14","11759793","0.5144","0.5006","0.6876","0.6509","0.5956","23.6094","23.6141","sample","good","17ec9326-ae02-4b95-984c-d3399dd3711a","3b35c029-0d68-4525-871c-4287f17d5586"
"15","11926576","0.4923","0.5015","0.6877","0.6479","0.5767","25.8125","25.817","sample","good","17ec9326-ae02-4b95-984c-d3399dd3711a","fdc1473e-de94-4879-9a2f-62efcfd71306"
"16","12004954","0.5069","0.4996","0.6228","0.5845","0.5491","25.2229","25.2253","sample","good","17ec9326-ae02-4b95-984c-d3399dd3711a","f612d887-0814-4943-9044-472cf135d222"
"17","11841575","0.5371","0.5007","0.649","0.6131","0.5791","30.3176","30.3205","sample","good","17ec9326-ae02-4b95-984c-d3399dd3711a","9efc362b-e9b5-4067-9064-d0a6bbd1d24e"
"18","11755108","0.5162","0.4994","0.7075","0.6703","0.5951","26.6137","26.6186","sample","good","17ec9326-ae02-4b95-984c-d3399dd3711a","82c35737-b05f-4d46-ad78-9a098139e3f5"
"19","11929171","0.5058","0.5028","0.7008","0.6511","0.5847","26.2578","26.2624","sample","good","17ec9326-ae02-4b95-984c-d3399dd3711a","d2be2cf8-f68d-4b18-a5e7-265d5e11bfa1"
"20","12013260","0.5062","0.4988","0.7906","0.6405","0.521","22.1673","22.1695","sample","good","17ec9326-ae02-4b95-984c-d3399dd3711a","969fa721-2df8-4705-8183-1d310d7c82ee"
"21","11670314","0.5069","0.5014","0.6183","0.584","0.5465","27.9895","27.9919","sample","good","17ec9326-ae02-4b95-984c-d3399dd3711a","7d5ea5c0-418a-4d7e-9ffd-b875d7c0ba4a"
"22","11677595","0.5142","0.5022","0.6842","0.6508","0.6014","27.711","27.7148","sample","good","17ec9326-ae02-4b95-984c-d3399dd3711a","094eb63d-430e-4213-8f69-2516e92100b0"
"23","11673949","0.5295","0.5012","0.6574","0.6191","0.582","28.4281","28.4303","sample","good","17ec9326-ae02-4b95-984c-d3399dd3711a","527939eb-84d6-4390-9cc1-59786e22d09f"
"24","12007476","0.5208","0.4997","0.7007","0.663","0.5898","34.0886","34.0932","sample","good","17ec9326-ae02-4b95-984c-d3399dd3711a","c350d4f5-c79b-4f8c-aa3f-639533b5d596"
"1",,"0.5378",,"0.5425","0.5401","0.541","22.1676","22.1693","blank","good","447c47ab-8d0f-4d59-a580-80491e96164c",
"2","12104735","0.5219","0.499","0.708","0.6695","0.6043","26.2583","26.2628","sample","good","447c47ab-8d0f-4d59-a580-80491e96164c","792681d7-c585-437f-8475-e0f94ff2d37d"
"3","12002118","0.5442","0.4989","0.7282","0.6917","0.6219","34.089","34.0942","sample","good","447c47ab-8d0f-4d59-a580-80491e96164c","cdc54783-23f8-4dd6-b9b4-8db87d6bf421"
"4","11844826","0.5655","0.4988","0.747","0.7002","0.6493","25.2232","25.228","sample","good","447c47ab-8d0f-4d59-a580-80491e96164c","9ab11028-1360-46f4-a650-58ba1de146b1"
"5","11747565","0.5497","0.4996","0.7478","0.7088","0.6397","30.3186","30.3234","sample","good","447c47ab-8d0f-4d59-a580-80491e96164c","90455525-a173-4846-85a2-81c2ac2cddae"
"6","11764307","0.5186","0.5017","0.7052","0.6615","0.5993","26.8167","26.8211","sample","good","447c47ab-8d0f-4d59-a580-80491e96164c","3b0d07b1-16ed-42a7-97d8-aa41978e02fb"
"7","11849793","0.5213","0.5006","0.6252","0.5896","0.5559","28.4284","28.4305","sample","good","447c47ab-8d0f-4d59-a580-80491e96164c","7a09a366-d7dc-4314-9d95-c1e0a2f0e799"
"8","12188085","0.5403","0.5031","0.7393","0.6904","0.6132","23.2207","23.2253","sample","good","447c47ab-8d0f-4d59-a580-80491e96164c","6b18daf8-5ea3-4a44-ae5a-0ca09579d4fa"
"9","12089043","0.5388","0.5025","0.6526","0.6151","0.5829","25.2428","25.2449","sample","good","447c47ab-8d0f-4d59-a580-80491e96164c","b495117a-b5ac-4b68-ac41-7e64b1debd9c"
"10","11740185","0.5327","0.4994","0.7191","0.6685","0.6082","23.6099","23.6141","sample","good","447c47ab-8d0f-4d59-a580-80491e96164c","e35dad9c-cba4-4d13-8151-5d9d1594ed5b"
"11","9338745","0.5632","0.5009","0.696","0.6652","0.6319","28.4373","28.4406","sample","good","447c47ab-8d0f-4d59-a580-80491e96164c","e9968ba9-6d5d-4c35-814f-f2fe91de8b20"
"12","12017872","0.5249","0.5014","0.6424","0.6029","0.5679","27.7116","27.7134","sample","good","447c47ab-8d0f-4d59-a580-80491e96164c","11d1f9b2-27b5-4379-83f8-b15c71a507c6"
"13","12170734","0.5397","0.5007","0.7342","0.6868","0.6148","27.9899","27.9946","sample","good","447c47ab-8d0f-4d59-a580-80491e96164c","db014f85-5203-4e5c-b9b9-8d6f6bb79db5"
"14","12102293","0.512","0.5013","0.717","0.6616","0.5947","33.0786","33.0835","sample","good","447c47ab-8d0f-4d59-a580-80491e96164c","1ed062cc-c45f-48df-a7a9-dca63ac351d3"
"15","9668337","0.5377","0.5","0.6806","0.6501","0.6094","29.2491","29.253","sample","good","447c47ab-8d0f-4d59-a580-80491e96164c","acf57a34-73b8-4675-b84a-ebf3cd0c6764"
"16","12179896","0.5016","0.4989","0.6862","0.6467","0.5752","26.6139","26.6188","sample","good","447c47ab-8d0f-4d59-a580-80491e96164c","6659baf5-3b27-42f0-b898-91985ca6a647"
"17","9674948","0.5283","0.4996","0.6514","0.6256","0.5859","31.2178","31.2209","sample","good","447c47ab-8d0f-4d59-a580-80491e96164c","d3779033-f364-4a67-ba88-7bce13177787"
"18","12173174","0.5174","0.5019","0.6377","0.5978","0.5601","30.5496","30.5519","sample","good","447c47ab-8d0f-4d59-a580-80491e96164c","84c6c732-e201-4ab3-a823-f4dc24f5c71e"
"19","20745926","0.5305","0.4989","0.6541","0.6303","0.5921","29.3747","29.3773","sample","good","447c47ab-8d0f-4d59-a580-80491e96164c","c0fe253b-7e13-44c6-971f-32b7cd268d7f"
"20","11744023","0.5221","0.5007","0.6566","0.6135","0.5737","22.9308","22.9332","sample","good","447c47ab-8d0f-4d59-a580-80491e96164c","3b510ef7-a320-4625-bdc2-755886b74538"
"21","12190668","0.5388","0.5003","0.7321","0.6904","0.6198","28.0327","28.0374","sample","good","447c47ab-8d0f-4d59-a580-80491e96164c","1ba80992-a071-4617-918b-5c84b9d4acbf"
"22","12175176","0.5488","0.5016","0.7492","0.7062","0.6325","25.813","25.8175","sample","good","447c47ab-8d0f-4d59-a580-80491e96164c","2d65cbfe-3202-42bd-ab67-83d2bb6e2c16"
"23","11911261","0.5304","0.5007","0.6585","0.6199","0.5791","28.828","28.8304","sample","good","447c47ab-8d0f-4d59-a580-80491e96164c","bed4521e-577c-4c61-b3ce-5440bd7e23d6"
"24","9335280","0.5464","0.5001","0.665","0.6415","0.6091","28.6734","28.6762","sample","good","447c47ab-8d0f-4d59-a580-80491e96164c","5b681376-f12f-406a-8625-da62149880d5"
"1",,"0.5223",,"0.5321","0.5298","0.5267","27.7118","27.7125","blank","good","19230fe0-b977-4768-b547-0e99eeb24a53",
"2","11914931","0.5564","0.5002","0.8503","0.7026","0.574","28.829","28.8309","sample","good","19230fe0-b977-4768-b547-0e99eeb24a53","00c15710-05e9-418b-a0e6-7d334fdeca80"
"3","11918965","0.5544","0.5006","0.8503","0.6989","0.5749","23.6101","23.6112","sample","good","19230fe0-b977-4768-b547-0e99eeb24a53","1d512fa5-bde0-4f75-9a45-8282b6ec450e"
"4","11998442","0.5424","0.4993","0.8383","0.6873","0.5605","26.2598","26.2613","sample","good","19230fe0-b977-4768-b547-0e99eeb24a53","dcaa3ce0-81d1-4c85-96bd-2fa1f56b22ff"
"5","11995935","0.5343","0.5003","0.859","0.6954","0.5593","28.4292","28.4311","sample","good","19230fe0-b977-4768-b547-0e99eeb24a53","e3f03d79-9f0e-42ba-b194-24ab4f19adbe"
"6","11999533","0.5195","0.5001","0.8117","0.6677","0.5415","28.0335","28.0349","sample","good","19230fe0-b977-4768-b547-0e99eeb24a53","04cb668e-fa91-4ae3-8585-cfc4b87e1920"
"7","12176890","0.5192","0.5008","0.7043","0.6694","0.6006","22.9312","22.9353","sample","good","19230fe0-b977-4768-b547-0e99eeb24a53","9f8faf2b-51f1-491b-a709-15ac610d80f8"
"8","13224081","0.5211","0.5016","0.7246","0.6899","0.6193","25.8133","25.8171","sample","good","19230fe0-b977-4768-b547-0e99eeb24a53","56cee07b-7ace-4b67-bf06-97e59250e058"
"9","13225827","0.5399","0.5013","0.7146","0.6751","0.617","33.0792","33.0824","sample","good","19230fe0-b977-4768-b547-0e99eeb24a53","31217a1f-ff90-4871-b84b-7ca4885abbc3"
"10","13227990","0.5318","0.5006","0.8396","0.6858","0.5481","29.3746","29.3756","sample","good","19230fe0-b977-4768-b547-0e99eeb24a53","ac62b3d4-195e-48ff-9511-90dad3ce041d"
"11","13229418","0.5431","0.4998","0.6611","0.6237","0.5863","31.2182","31.22","sample","good","19230fe0-b977-4768-b547-0e99eeb24a53","c2b83202-853b-4b29-8a5a-53577bfa79b3"
"12","13231625","0.5446","0.5007","0.7445","0.7043","0.6339","26.8172","26.821","sample","good","19230fe0-b977-4768-b547-0e99eeb24a53","d0150a98-7792-4231-adfa-a3d9c88fbb6f"
"13","13297029","0.5463","0.4997","0.7287","0.6845","0.6214","25.2428","25.2466","sample","good","19230fe0-b977-4768-b547-0e99eeb24a53","796b3125-cddd-4ba9-a01c-30098d2f51ab"
"14","13299454","0.5499","0.4998","0.867","0.7039","0.5656","30.5499","30.552","sample","good","19230fe0-b977-4768-b547-0e99eeb24a53","26255a82-e48b-4589-aae3-816fa27c776d"
"15","13301329","0.5426","0.502","0.7805","0.7513","0.6703","26.6145","26.6207","sample","good","19230fe0-b977-4768-b547-0e99eeb24a53","b539e401-a518-46ca-bc22-058b3c60abfc"
"16","13303467","0.5518","0.4996","0.6861","0.6404","0.6","22.1679","22.1706","sample","good","19230fe0-b977-4768-b547-0e99eeb24a53","9ae4ec03-669f-4580-a9c4-681834f53cc5"
"17","13308906","0.5553","0.501","0.8848","0.7239","0.5817","30.3197","30.3217","sample","good","19230fe0-b977-4768-b547-0e99eeb24a53","caecf7ed-9298-42a7-8394-4113e68d956f"
"18","13310975","0.5698","0.5008","0.7404","0.6979","0.6366","28.4374","28.4415","sample","good","19230fe0-b977-4768-b547-0e99eeb24a53","4df3a543-934d-4ad3-807b-d693a9af811a"
"19","13313895","0.5593","0.4995","0.8791","0.7213","0.578","28.6733","28.6757","sample","good","19230fe0-b977-4768-b547-0e99eeb24a53","ed5de681-2ad4-47c7-850d-b17fc8fa36d7"
"20","13316351","0.5561","0.5014","0.7865","0.7584","0.6792","23.2212","23.2277","sample","good","19230fe0-b977-4768-b547-0e99eeb24a53","ee67722e-9bd6-444b-a6d2-23395d46087b"
"21","13318392","0.5509","0.4997","0.7353","0.6902","0.6279","25.2236","25.2281","sample","good","19230fe0-b977-4768-b547-0e99eeb24a53","9a845f01-b7fa-4955-89c6-a5e07361f6fa"
"22","13320387","0.5455","0.5","0.7224","0.6824","0.6213","27.9906","27.9951","sample","good","19230fe0-b977-4768-b547-0e99eeb24a53","d6338738-f950-4cd0-a4a9-62d636c36b90"
"23","13322369","0.5561","0.4994","0.6683","0.6292","0.5916","34.0895","34.0919","sample","good","19230fe0-b977-4768-b547-0e99eeb24a53","c0cadfb9-6dc0-4ba9-a3b7-3c27b023324c"
"24","13379810","0.5415","0.5012","0.7613","0.732","0.6511","29.2495","29.2553","sample","good","19230fe0-b977-4768-b547-0e99eeb24a53","6efd9b87-58ab-445d-baeb-c3eedd90fdbd"
"1","13381430","0.5654","0.5008","0.6758","0.6447","0.6037","23.61","23.6126","sample","good","d1fe9ddb-ecd9-45b3-856d-656c29996714","95ba5e1e-035c-4288-896b-853b20020a0b"
"2","13383299","0.5692","0.4999","0.7485","0.704","0.6405","28.8291","28.8327","sample","good","d1fe9ddb-ecd9-45b3-856d-656c29996714","2a11bb56-b3bb-4a45-9f53-44ceff589070"
"3","13385019","0.56","0.4999","0.6924","0.6526","0.6131","28.4374","28.4394","sample","good","d1fe9ddb-ecd9-45b3-856d-656c29996714","164c8569-cbad-490d-bfe9-f5dec848cab6"
"4","13386724","0.5469","0.4994","0.8551","0.6904","0.5617","26.2595","26.2612","sample","good","d1fe9ddb-ecd9-45b3-856d-656c29996714","6ee58352-5b19-45b2-933e-3357be5db695"
"5","13393823","0.5453","0.501","0.8533","0.6832","0.5591","28.4291","28.4304","sample","good","d1fe9ddb-ecd9-45b3-856d-656c29996714","1718ce6c-199e-4566-bfbf-d75af227ff87"
"6","13395287","0.5395","0.5003","0.7483","0.7156","0.6405","27.9903","27.9948","sample","good","d1fe9ddb-ecd9-45b3-856d-656c29996714","32a3bff3-00ee-4871-bcc7-7b69e6881959"
"7","13388953","0.546","0.4987","0.6606","0.6259","0.5884","27.7116","27.7139","sample","good","d1fe9ddb-ecd9-45b3-856d-656c29996714","0fcb0b85-68de-46c6-9404-a959c85a279b"
"8","13837104","0.5622","0.5006","0.7478","0.7091","0.6422","31.2182","31.2221","sample","good","d1fe9ddb-ecd9-45b3-856d-656c29996714","40efab27-cbef-4138-b28e-0373175b1198"
"9","13840382","0.5471","0.4997","0.7474","0.7019","0.635","28.0335","28.0373","sample","good","d1fe9ddb-ecd9-45b3-856d-656c29996714","8687166b-1d39-47f6-af4a-9341b58d640d"
"10","13841729","0.5344","0.5","0.7259","0.6816","0.6121","33.0791","33.0832","sample","good","d1fe9ddb-ecd9-45b3-856d-656c29996714","6e45ef19-daa7-44e2-ac36-b35b243cbc3c"
"11","13843857","0.5281","0.5005","0.6756","0.6379","0.6007","29.3746","29.3771","sample","good","d1fe9ddb-ecd9-45b3-856d-656c29996714","f42cda94-708e-4c96-81d8-bdb6371a829c"
"12","13901488","0.5622","0.5004","0.7562","0.7098","0.645","26.817","26.822","sample","good","d1fe9ddb-ecd9-45b3-856d-656c29996714","4034ef16-1296-4f9e-bf9e-d91661ef1d3a"
"13","13907248","0.5592","0.501","0.8679","0.7125","0.5753","23.2209","23.2227","sample","good","d1fe9ddb-ecd9-45b3-856d-656c29996714","9f1b347e-b6ab-47de-a13b-0aa969285052"
"14","13910265","0.5463","0.5002","0.7485","0.6964","0.6273","28.6733","28.677","sample","good","d1fe9ddb-ecd9-45b3-856d-656c29996714","26fe1962-aa6d-4877-aa28-7175dc55b97e"
"15","13914624","0.573","0.4998","0.8957","0.7336","0.5898","25.2429","25.2443","sample","good","d1fe9ddb-ecd9-45b3-856d-656c29996714","258aaf08-02f5-43c7-8892-c8f59174a87f"
"16","13917472","0.5835","0.5004","0.7729","0.728","0.6589","34.0891","34.0928","sample","good","d1fe9ddb-ecd9-45b3-856d-656c29996714","4817ae5e-ff71-4c90-8eba-1c318e585dad"
"17","13920107","0.5458","0.4994","0.661","0.6226","0.586","30.5498","30.5522","sample","good","d1fe9ddb-ecd9-45b3-856d-656c29996714","680947a3-f12c-436f-8718-ab1bd5cc8d6a"
"18","13922901","0.5759","0.5","0.7538","0.7084","0.6437","29.2493","29.2533","sample","good","d1fe9ddb-ecd9-45b3-856d-656c29996714","7c9c8a28-90f9-4e74-8949-387d613cfd94"
"19","13988512","0.5515","0.4998","0.8607","0.6998","0.5663","25.2232","25.2247","sample","good","d1fe9ddb-ecd9-45b3-856d-656c29996714","72a4c500-c840-4c24-a23d-8bbb832b60de"
"20","13994650","0.5496","0.4996","0.8684","0.7073","0.5683","22.1679","22.1693","sample","good","d1fe9ddb-ecd9-45b3-856d-656c29996714","b57595c5-4bfa-4867-a36b-62940adb68c2"
"21","14004873","0.5465","0.5009","0.8607","0.699","0.5642","22.9313","22.9325","sample","good","d1fe9ddb-ecd9-45b3-856d-656c29996714","ccf1c844-c79f-47b4-953e-9144f7e740c2"
"22","14007099","0.5425","0.501","0.753","0.7121","0.6288","25.8131","25.8166","sample","good","d1fe9ddb-ecd9-45b3-856d-656c29996714","4ec228e7-150d-4e2d-976b-8b99e1792160"
"23","14074263","0.535","0.5014","0.8526","0.6832","0.5485","30.3196","30.3207","sample","good","d1fe9ddb-ecd9-45b3-856d-656c29996714","04fc72a1-23f7-4726-9edf-942c3acc06bb"
"24",,"0.5715",,"0.5759","0.5745","0.5727","26.6144","26.6154","blank","good","d1fe9ddb-ecd9-45b3-856d-656c29996714",
"1",,"0.5536",,"0.5573","0.5554","0.555","25.2231","25.2248","blank","good","41846e26-d29c-4814-aafb-0bfd9f108c14",
"2","13986591","0.545","0.5013","0.7651","0.7205","0.6455","28.8291","28.8339","sample","good","41846e26-d29c-4814-aafb-0bfd9f108c14","9a40184f-7696-4e8b-859b-976b85e69100"
"3","13990802","0.5595","0.5","0.7487","0.705","0.6394","25.2431","25.2476","sample","good","41846e26-d29c-4814-aafb-0bfd9f108c14","3dafff21-65a8-4ca0-a7e2-8fa145c89b9b"
"4","13992800","0.5653","0.4996","0.6735","0.6355","0.6011","26.2598","26.2623","sample","good","41846e26-d29c-4814-aafb-0bfd9f108c14","163ec8e6-0ea7-498f-9cd3-6510a8c4db0d"
"5","14002291","0.5499","0.5011","0.6719","0.632","0.5977","28.4296","28.4312","sample","good","41846e26-d29c-4814-aafb-0bfd9f108c14","db543677-a81d-4b3e-ad9e-9c05cc3c9b90"
"6","14009324","0.5605","0.4991","0.6786","0.6368","0.6025","22.1682","22.1705","sample","good","41846e26-d29c-4814-aafb-0bfd9f108c14","cea24ce0-07f3-4c29-b3d7-58924f9199cb"
"7","14072162","0.5616","0.5004","0.6912","0.6491","0.6135","34.0891","34.0918","sample","good","41846e26-d29c-4814-aafb-0bfd9f108c14","f38add69-8938-41ca-8fb3-429806df6e01"
"8","14076470","0.5273","0.5008","0.7131","0.6746","0.6067","27.7117","27.716","sample","good","41846e26-d29c-4814-aafb-0bfd9f108c14","f5fc34cd-7e49-4a10-9c7e-f2bf7b8004c0"
"9","14078018","0.5537","0.5007","0.7486","0.7038","0.6432","23.61","23.6149","sample","good","41846e26-d29c-4814-aafb-0bfd9f108c14","57c6e778-7a7e-480e-9845-5c15f2ef5ecd"
"1",,"0.5536",,"0.5573","0.5554","0.555","25.2231","25.2248","blank","good","7a94bcfc-5e59-4533-bd66-7440bdd4db0a",
"10","10968279","0.5529","0.4996","0.667","0.6293","0.5821","28.4376","28.4403","sample","good","7a94bcfc-5e59-4533-bd66-7440bdd4db0a","3355ee5e-c357-415f-b213-bdca39420c84"
"11","10969709","0.5396","0.4991","0.6679","0.6256","0.5715","29.3744","29.377","sample","good","7a94bcfc-5e59-4533-bd66-7440bdd4db0a","33881c34-46a7-49a9-b5f1-7582c6d4bc06"
"12","10970744","0.574","0.5005","0.7036","0.6561","0.6056","30.3187","30.3211","sample","good","7a94bcfc-5e59-4533-bd66-7440bdd4db0a","a1acec8c-2d1f-4e65-bfc6-dee182b0b696"
"13","10976141","0.5619","0.5005","0.6749","0.6389","0.5917","31.2182","31.2209","sample","good","7a94bcfc-5e59-4533-bd66-7440bdd4db0a","ee0c168a-0fd0-4b68-9231-81b81ba9b510"
"14","10977097","0.5625","0.501","0.684","0.6418","0.5931","25.8131","25.8156","sample","good","7a94bcfc-5e59-4533-bd66-7440bdd4db0a","bb77b8e1-ec7f-4f5d-a9ff-0912050ca5b8"
"15","10978302","0.5485","0.5003","0.6557","0.6181","0.5745","33.0791","33.0816","sample","good","7a94bcfc-5e59-4533-bd66-7440bdd4db0a","28faf3c5-ac0e-4bd4-bedf-f507a6bad54f"
"16","10979196","0.558","0.501","0.6709","0.6358","0.585","28.6734","28.676","sample","good","7a94bcfc-5e59-4533-bd66-7440bdd4db0a","f1453e05-6d78-47ce-8bfd-b49b884ea887"
"17","10980246","0.5759","0.4994","0.7007","0.656","0.6064","27.9907","27.9932","sample","good","7a94bcfc-5e59-4533-bd66-7440bdd4db0a","dddfec2b-5792-4b4a-8ee5-c80b7ca4e1db"
"18","11486253","0.5506","0.5005","0.7273","0.6765","0.6078","22.9313","22.9344","sample","good","7a94bcfc-5e59-4533-bd66-7440bdd4db0a","7273a6b5-0333-498e-aff7-d7b165d59ad1"
"19","11488416","0.5497","0.499","0.7199","0.6704","0.6025","30.5503","30.5532","sample","good","7a94bcfc-5e59-4533-bd66-7440bdd4db0a","8814122e-a111-4bcb-b7d2-68000e36a4ba"
"20","11489673","0.5681","0.5009","0.7169","0.6717","0.612","29.2495","29.2527","sample","good","7a94bcfc-5e59-4533-bd66-7440bdd4db0a","e667ecf5-2e54-4f25-9256-441c74737e8a"
"21","11490550","0.5677","0.5007","0.742","0.6918","0.6242","26.8171","26.8197","sample","good","7a94bcfc-5e59-4533-bd66-7440bdd4db0a","342db569-80c4-4c5c-8000-89c8c27a310f"
"22","11491634","0.5364","0.5013","0.6789","0.6328","0.577","23.2214","23.2241","sample","good","7a94bcfc-5e59-4533-bd66-7440bdd4db0a","d51360d9-ecf3-42d7-ad30-478ed2ddcea8"
"23","11496320","0.5571","0.5006","0.708","0.662","0.6047","28.0336","28.0363","sample","good","7a94bcfc-5e59-4533-bd66-7440bdd4db0a","318ef9bb-effc-4594-8556-9e1392c8cdda"
"24","11497322","0.5543","0.5","0.6906","0.648","0.5937","26.6146","26.6173","sample","good","7a94bcfc-5e59-4533-bd66-7440bdd4db0a","31c4d5ac-4309-4786-ae15-6b85a6ead23c"
"1",,"0.5385",,"0.5412","0.5386","0.5387","29.2491","29.2506","blank","good","6d617a4d-6021-48ed-98cf-099583c948be",
"2","11498314","0.5591","0.5013","0.7107","0.6648","0.6066","28.8287","28.8326","sample","good","6d617a4d-6021-48ed-98cf-099583c948be","f02405d8-eabc-4b6a-9189-213132e8f0e0"
"3","11499432","0.5301","0.5006","0.6913","0.643","0.5811","25.2229","25.2265","sample","good","6d617a4d-6021-48ed-98cf-099583c948be","dd7bb75d-2ffa-4549-808d-6c2cca1a402e"
"4","11500210","0.5324","0.5009","0.6854","0.6403","0.5865","26.2592","26.263","sample","good","6d617a4d-6021-48ed-98cf-099583c948be","243e483a-eaa4-4827-9a50-9cac402228b0"
"5","11741543","0.5629","0.4992","0.7551","0.6716","0.6205","28.4288","28.4321","sample","good","6d617a4d-6021-48ed-98cf-099583c948be","40e3f42b-6902-4bbd-b6be-1801bc09023b"
"6","11743156","0.5484","0.4994","0.7426","0.6525","0.6023","25.2427","25.2458","sample","good","6d617a4d-6021-48ed-98cf-099583c948be","dfd38c67-7bd4-4380-b424-50178af4fc51"
"7","11744332","0.5393","0.5003","0.7044","0.635","0.5884","30.3181","30.3215","sample","good","6d617a4d-6021-48ed-98cf-099583c948be","f53db580-015a-41dd-a344-10f34eaef3c1"
"8","11745575","0.5583","0.5002","0.7446","0.6629","0.6196","25.8127","25.8162","sample","good","6d617a4d-6021-48ed-98cf-099583c948be","24cd4d6b-7dbb-4191-8c3e-eda075f7f337"
"9","11746594","0.5293","0.5008","0.6837","0.6211","0.5798","27.9902","27.9931","sample","good","6d617a4d-6021-48ed-98cf-099583c948be","4bdae819-e575-49d9-b96e-42186efc49c4"
"10","11747841","0.5747","0.4994","0.7577","0.6744","0.6323","23.6098","23.6134","sample","good","6d617a4d-6021-48ed-98cf-099583c948be","d5d5255d-cc77-47a4-bc56-4d363247308c"
"11","11749360","0.5554","0.4991","0.7088","0.6488","0.6091","31.2178","31.2211","sample","good","6d617a4d-6021-48ed-98cf-099583c948be","b4c5b216-beb2-487b-917e-0b91a8e7d657"
"12","11754495","0.5373","0.5008","0.6986","0.6283","0.5849","26.6142","26.6175","sample","good","6d617a4d-6021-48ed-98cf-099583c948be","f9fa44df-3635-46fe-af21-b5e44c1adca2"
"13","11756297","0.5369","0.5012","0.695","0.6235","0.5868","33.0789","33.0818","sample","good","6d617a4d-6021-48ed-98cf-099583c948be","986d42ae-74b0-45e2-aa24-e789a1e1fad7"
"14","11759785","0.5292","0.4998","0.6888","0.6285","0.5859","30.5498","30.5536","sample","good","6d617a4d-6021-48ed-98cf-099583c948be","9cbfeac6-fc33-4ed8-ae6e-ba607ae121eb"
"15","11839919","0.5532","0.4997","0.6634","0.6286","0.5866","28.0331","28.0363","sample","good","6d617a4d-6021-48ed-98cf-099583c948be","3f677d9e-7a4f-48df-88e9-ca477b7dea16"
"16","11840880","0.5599","0.5011","0.6897","0.6481","0.5985","28.4373","28.441","sample","good","6d617a4d-6021-48ed-98cf-099583c948be","12d3aac0-54de-4906-a2b2-4ca153721862"
"17","11841411","0.564","0.5003","0.7079","0.6549","0.6031","28.6731","28.6765","sample","good","6d617a4d-6021-48ed-98cf-099583c948be","f47316e3-dfb6-413f-8109-e84b14e9dc37"
"18","11842161","0.5618","0.5008","0.6742","0.6428","0.5978","29.3743","29.3779","sample","good","6d617a4d-6021-48ed-98cf-099583c948be","4fba5d93-9fee-4766-a2fc-b3e95c4d43db"
"19","11843738","0.5558","0.4995","0.6767","0.638","0.5959","23.221","23.2243","sample","good","6d617a4d-6021-48ed-98cf-099583c948be","379141cc-ec90-4800-b063-9ebbf7aad8d3"
"20","11845540","0.5601","0.5002","0.695","0.6508","0.603","34.0891","34.0923","sample","good","6d617a4d-6021-48ed-98cf-099583c948be","9f7b30c5-4333-4a42-8ff3-152408f2b4be"
"21","11846881","0.5443","0.4995","0.6611","0.625","0.5817","22.9311","22.9343","sample","good","6d617a4d-6021-48ed-98cf-099583c948be","296947a9-f88c-424a-b553-3518e7b89b9e"
"22","11848029","0.5789","0.5012","0.7184","0.6728","0.6204","22.1679","22.1716","sample","good","6d617a4d-6021-48ed-98cf-099583c948be","970c8f3f-c25e-4df1-a678-4bc622e8024a"
"23","11849285","0.5485","0.5002","0.6824","0.6353","0.589","27.7116","27.7149","sample","good","6d617a4d-6021-48ed-98cf-099583c948be","08b44fc8-0365-4f88-a80b-27b1259b7b81"
"24","11850283","0.5417","0.4994","0.6631","0.6235","0.5797","26.8169","26.8202","sample","good","6d617a4d-6021-48ed-98cf-099583c948be","1cdf834e-8137-446f-9c35-ae4f52bf534c"
"1",,"0.5382",,"0.5437","0.5405","0.5403","34.0886","34.0902","blank","good","16a4c3de-1946-443e-a41d-ee7df44e0432",
"2","11851575","0.5468","0.5014","0.6601","0.6324","0.5864","28.8285","28.8313","sample","good","16a4c3de-1946-443e-a41d-ee7df44e0432","bed1e051-8900-4201-baf8-e20c4b1fdd62"
"3","11912411","0.5513","0.5","0.6862","0.6453","0.6018","30.3182","30.3207","sample","good","16a4c3de-1946-443e-a41d-ee7df44e0432","68da4f18-ace2-4372-935c-19f979d59e2a"
"4","11914008","0.5519","0.5005","0.6986","0.6528","0.6051","26.2591","26.2625","sample","good","16a4c3de-1946-443e-a41d-ee7df44e0432","b5441550-c820-4b17-b2f2-9de8729b8a01"
"5","11914908","0.5503","0.5002","0.695","0.6491","0.6033","28.4289","28.4314","sample","good","16a4c3de-1946-443e-a41d-ee7df44e0432","60711385-3e53-41ff-8c18-15fb4b1058ca"
"6","11916236","0.5482","0.5003","0.7022","0.6444","0.603","27.99","27.9929","sample","good","16a4c3de-1946-443e-a41d-ee7df44e0432","d1b6c408-9a60-40c8-b7e9-b8be38cdbe20"
"7","11917464","0.517","0.5","0.6547","0.6118","0.5643","23.6096","23.6123","sample","good","16a4c3de-1946-443e-a41d-ee7df44e0432","fb605b32-b0e9-4970-8442-4a2d04da521e"
"8","11918619","0.5446","0.5002","0.6766","0.6363","0.5942","29.249","29.2516","sample","good","16a4c3de-1946-443e-a41d-ee7df44e0432","680cc67e-6320-4967-b2fa-9419369def4e"
"9","11919657","0.5432","0.5006","0.6773","0.6353","0.5933","25.2424","25.2451","sample","good","16a4c3de-1946-443e-a41d-ee7df44e0432","a0cc4a6f-e5cb-4812-95e0-436561b0fdb8"
"10","11920837","0.5684","0.5011","0.735","0.6775","0.6328","26.8165","26.8198","sample","good","16a4c3de-1946-443e-a41d-ee7df44e0432","bf07f90b-fe45-4b0c-80e2-e18eaf6f1b12"
"11","11921612","0.5231","0.4994","0.7034","0.6386","0.5857","26.6141","26.6172","sample","good","16a4c3de-1946-443e-a41d-ee7df44e0432","23122772-9389-4145-a1bc-86555ac35ed8"
"12","11923055","0.549","0.5009","0.6941","0.65","0.6076","31.2178","31.2204","sample","good","16a4c3de-1946-443e-a41d-ee7df44e0432","d1552b6e-b77c-497e-aaba-05c05cb067f7"
"13","12000329","0.534","0.4997","0.6874","0.6503","0.5954","25.2226","25.2257","sample","good","16a4c3de-1946-443e-a41d-ee7df44e0432","1474f200-e6a3-4015-9248-4587a0899170"
"14","12001985","0.5497","0.4997","0.6979","0.6591","0.6035","29.3738","29.3768","sample","good","16a4c3de-1946-443e-a41d-ee7df44e0432","8ae22502-b765-49a5-be92-73a6970f2075"
"15","12002816","0.5517","0.4989","0.7028","0.6641","0.6124","22.1674","22.1703","sample","good","16a4c3de-1946-443e-a41d-ee7df44e0432","f9789ee0-5491-4d9e-a6b1-18e609ed13c4"
"16","12004121","0.5327","0.5005","0.692","0.6506","0.6038","27.7111","27.714","sample","good","16a4c3de-1946-443e-a41d-ee7df44e0432","6e706121-3e43-4ab6-a9f4-b0d7ef2cb1c7"
"17","12005128","0.5639","0.5005","0.7516","0.7084","0.659","33.0783","33.0811","sample","good","16a4c3de-1946-443e-a41d-ee7df44e0432","fbd83f03-abef-4425-ad65-73acba652c03"
"18","12006633","0.5227","0.499","0.7056","0.6686","0.6185","28.0326","28.0349","sample","good","16a4c3de-1946-443e-a41d-ee7df44e0432","8927ed5d-5bc2-46d4-a8de-8a7c082f0497"
"19","12007600","0.5737","0.4991","0.7305","0.6951","0.6445","28.6727","28.6751","sample","good","16a4c3de-1946-443e-a41d-ee7df44e0432","9223eac6-2015-4442-ada9-12d5d1939064"
"20","12008804","0.5826","0.4994","0.7441","0.7105","0.6573","23.2206","23.2234","sample","good","16a4c3de-1946-443e-a41d-ee7df44e0432","a2920487-5238-49cd-91bb-a68c71a65405"
"21","12009716","0.5629","0.5003","0.7448","0.703","0.6494","28.437","28.4392","sample","good","16a4c3de-1946-443e-a41d-ee7df44e0432","ac87ac95-f540-4ccf-b4fb-dab95efed5e5"
"22","12010673","0.5457","0.5012","0.7084","0.6685","0.6149","30.5495","30.5521","sample","good","16a4c3de-1946-443e-a41d-ee7df44e0432","809afbcc-d837-4133-b55d-22645cc282f1"
"23","12085718","0.557","0.4999","0.7064","0.6517","0.611","22.9307","22.9333","sample","good","16a4c3de-1946-443e-a41d-ee7df44e0432","b02878e2-bd23-415b-b998-704dac0a24f0"
"24","12086441","0.5698","0.5014","0.6962","0.654","0.6145","25.8127","25.815","sample","good","16a4c3de-1946-443e-a41d-ee7df44e0432","dba2877e-4071-4403-a460-8d1900bb09d8"
"1",,"0.5654",,"0.5693","0.5666","0.5663","27.99","27.9923","blank","good","38277f50-85da-438b-b9e0-41d69fc70209",
"2","12087080","0.5784","0.4998","0.7357","0.6726","0.6304","28.8288","28.8321","sample","good","38277f50-85da-438b-b9e0-41d69fc70209","243b5048-b7d7-4184-baef-1b5fe93c12ca"
"3","12088857","0.5654","0.4999","0.7298","0.6612","0.6189","23.6098","23.6128","sample","good","38277f50-85da-438b-b9e0-41d69fc70209","fa6017d6-776e-4c09-ae93-63577d90bfd3"
"4","12089920","0.5314","0.4995","0.6924","0.6294","0.5786","26.2593","26.2626","sample","good","38277f50-85da-438b-b9e0-41d69fc70209","4daeb2f8-9a6d-45dc-a56c-d540830dae6e"
"5","12091138","0.5268","0.5002","0.6417","0.6037","0.5663","28.4287","28.4315","sample","good","38277f50-85da-438b-b9e0-41d69fc70209","7132f050-dced-4ca1-9e81-0175fa959aaf"
"6","12092029","0.5318","0.5001","0.658","0.6235","0.5752","29.2488","29.2519","sample","good","38277f50-85da-438b-b9e0-41d69fc70209","9fc59d06-0660-4bb9-b1e1-dbcf98fd8df2"
"7","12093030","0.5224","0.5011","0.6466","0.6102","0.5617","26.6144","26.6175","sample","good","38277f50-85da-438b-b9e0-41d69fc70209","8d17da03-83d8-48a1-8d32-d3bba961f669"
"8","12093948","0.541","0.4992","0.6949","0.6322","0.5902","26.8168","26.8201","sample","good","38277f50-85da-438b-b9e0-41d69fc70209","e355ce6f-04a0-46fb-89a3-d0a780b4f32f"
"9","12095116","0.5524","0.4993","0.7088","0.6454","0.6053","25.2229","25.226","sample","good","38277f50-85da-438b-b9e0-41d69fc70209","9c0a8050-1494-4a2f-9bb4-d043167c8beb"
"10","12101963","0.5379","0.4996","0.6659","0.6252","0.5851","25.8128","25.8157","sample","good","38277f50-85da-438b-b9e0-41d69fc70209","bfce15ff-38a8-4270-9505-a73c74218bab"
"11","12103264","0.5266","0.499","0.681","0.6148","0.575","25.2426","25.2454","sample","good","38277f50-85da-438b-b9e0-41d69fc70209","cdd6536b-61fd-4443-9246-4e3d187a6fb5"
"12","12104260","0.5337","0.5","0.6432","0.6066","0.5676","31.2182","31.2208","sample","good","38277f50-85da-438b-b9e0-41d69fc70209","e9421b27-9b79-42ed-81fc-aee8e82a5919"
"13","12105110","0.5346","0.4994","0.6795","0.6253","0.5776","28.4368","28.4401","sample","good","38277f50-85da-438b-b9e0-41d69fc70209","a4607239-04a5-400b-ad10-e8112fb92657"
"14","12106433","0.5333","0.5004","0.6532","0.6177","0.5703","34.0888","34.0921","sample","good","38277f50-85da-438b-b9e0-41d69fc70209","2af81149-5e78-42df-a455-f826271448db"
"15","12107626","0.5343","0.5","0.6474","0.6163","0.5744","33.0789","33.0821","sample","good","38277f50-85da-438b-b9e0-41d69fc70209","674c5394-1db8-428b-b2f7-c72baf6c7086"
"16","12108890","0.5621","0.5001","0.6709","0.634","0.5975","27.7114","27.7143","sample","good","38277f50-85da-438b-b9e0-41d69fc70209","62480eea-ff8a-4303-9572-e2f85ff6ae25"
"17","12109954","0.5642","0.5002","0.722","0.6579","0.619","22.1676","22.1708","sample","good","38277f50-85da-438b-b9e0-41d69fc70209","12929bf2-5496-4326-b077-061a7040d002"
"18","12111115","0.5625","0.4999","0.7218","0.6573","0.6201","28.0329","28.0359","sample","good","38277f50-85da-438b-b9e0-41d69fc70209","90dc4a2a-e037-45ff-963e-252dc16bbcaf"
"19","12111836","0.5646","0.5011","0.7349","0.671","0.6266","23.2207","23.2235","sample","good","38277f50-85da-438b-b9e0-41d69fc70209","c4e40295-e512-43de-b0e4-60b1eb5b088b"
"20","12172738","0.596","0.5007","0.7453","0.6996","0.6487","29.374","29.3774","sample","good","38277f50-85da-438b-b9e0-41d69fc70209","b777b93d-7535-4008-9fa5-6698d2fbe2c0"
"21","12173289","0.5615","0.4999","0.7222","0.6645","0.6157","30.3182","30.3211","sample","good","38277f50-85da-438b-b9e0-41d69fc70209","e37917fb-4f34-4663-9127-ba46ecfc4a48"
"22","12174558","0.5798","0.4996","0.7383","0.6876","0.6373","28.6729","28.6759","sample","good","38277f50-85da-438b-b9e0-41d69fc70209","457e6d51-ce7f-4265-a6a7-50f7c7235711"
"23","12175488","0.5826","0.5002","0.7211","0.6805","0.6261","22.931","22.9343","sample","good","38277f50-85da-438b-b9e0-41d69fc70209","8a8855f8-33b7-44cb-97db-fac1e5f0e7f5"
"24","12176519","0.5488","0.4991","0.6968","0.6526","0.5989","30.5497","30.5527","sample","good","38277f50-85da-438b-b9e0-41d69fc70209","bd8f894b-1a5b-4bf9-b955-1afa72156018"
"1",,"0.5576",,"0.5611","0.558","0.5576","34.0885","34.0904","blank","good","670cd215-e671-408a-86c7-9be68d3b7171",
"2","12177541","0.5285","0.5003","0.6703","0.6217","0.5708","28.8287","28.8319","sample","good","670cd215-e671-408a-86c7-9be68d3b7171","8b3fd397-61d2-409d-8d31-7f872a849616"
"3","12178575","0.5142","0.4994","0.6673","0.6133","0.566","31.2178","31.2206","sample","good","670cd215-e671-408a-86c7-9be68d3b7171","3d51fc50-5a17-4a98-9143-f7fadb7118ff"
"4","12180198","0.5335","0.4993","0.6851","0.6388","0.5854","26.2593","26.2626","sample","good","670cd215-e671-408a-86c7-9be68d3b7171","34b1e096-ecd1-4927-9990-fc9595f12324"
"5","12180945","0.5483","0.5006","0.7321","0.6787","0.625","28.4287","28.4319","sample","good","670cd215-e671-408a-86c7-9be68d3b7171","e16af74f-6b1f-4a1e-8d4c-72b3ce91a733"
"6","12181906","0.5453","0.4997","0.6946","0.6501","0.597","29.3739","29.3772","sample","good","670cd215-e671-408a-86c7-9be68d3b7171","91cf3cb3-f8cd-4542-9877-3366c96b24e8"
"7","12612388","0.5436","0.5009","0.7111","0.6363","0.5901","33.0787","33.082","sample","good","670cd215-e671-408a-86c7-9be68d3b7171","3d341318-44e4-419e-85b9-beedc2a2b74a"
"8","12613434","0.5431","0.5004","0.7206","0.6464","0.607","27.7112","27.7145","sample","good","670cd215-e671-408a-86c7-9be68d3b7171","e6840c04-e555-46e2-bd1c-a014ceb4b785"
"9","12619019","0.5557","0.5015","0.7137","0.6424","0.6013","22.1676","22.1707","sample","good","670cd215-e671-408a-86c7-9be68d3b7171","412698a3-c14e-449c-8ef3-4c9eec2a38e9"
"10","12619779","0.5545","0.4998","0.7414","0.6455","0.6039","28.0329","28.0359","sample","good","670cd215-e671-408a-86c7-9be68d3b7171","dbaeb010-8b78-4c44-9c7e-023f25a72725"
"11","12625449","0.5533","0.5","0.7145","0.6486","0.6084","28.437","28.4401","sample","good","670cd215-e671-408a-86c7-9be68d3b7171","391b740c-d325-4584-b514-b56d3fe96d6c"
"12","12627206","0.5678","0.4997","0.7192","0.6563","0.617","25.2426","25.2455","sample","good","670cd215-e671-408a-86c7-9be68d3b7171","609aee24-b403-4b3c-b22c-cae097057290"
"13","12628268","0.5524","0.5002","0.7015","0.6365","0.5941","23.6098","23.6128","sample","good","670cd215-e671-408a-86c7-9be68d3b7171","94c03d1c-2443-42a3-bed0-399cd4160a7d"
"14","12629013","0.5419","0.501","0.6863","0.6298","0.5916","30.5496","30.5526","sample","good","670cd215-e671-408a-86c7-9be68d3b7171","1cbb678f-55cf-4acf-8747-1b9bb6dec48c"
"15","12630604","0.565","0.5005","0.7081","0.6557","0.6151","25.223","25.2261","sample","good","670cd215-e671-408a-86c7-9be68d3b7171","182387ec-5ad5-4a74-bff1-72ddcacfdc7b"
"16","12632154","0.5278","0.4994","0.661","0.6119","0.5767","26.6143","26.617","sample","good","670cd215-e671-408a-86c7-9be68d3b7171","90c0fcf5-4861-4ac7-ba81-28bb70bcca53"
"17","12705154","0.5548","0.4992","0.7158","0.6533","0.596","26.8168","26.8207","sample","good","670cd215-e671-408a-86c7-9be68d3b7171","a3a6e0f9-28c4-4844-8568-ff01044a0c47"
"18","12706248","0.5374","0.4999","0.6667","0.6221","0.57","29.2489","29.252","sample","good","670cd215-e671-408a-86c7-9be68d3b7171","17d85a66-50ec-4b93-94c7-c66bdf559a3f"
"19","12707961","0.5265","0.5009","0.6506","0.6061","0.5602","25.8129","25.8158","sample","good","670cd215-e671-408a-86c7-9be68d3b7171","9b59ecaf-79bd-43e3-be46-353af08efd43"
"20","12709400","0.5571","0.5005","0.7135","0.6479","0.5942","28.6729","28.6763","sample","good","670cd215-e671-408a-86c7-9be68d3b7171","a5c6d064-0689-423c-a738-471eadbdabe7"
"21","12711741","0.542","0.5011","0.6792","0.6302","0.5777","22.931","22.9341","sample","good","670cd215-e671-408a-86c7-9be68d3b7171","b7431aad-a6e2-42ed-8179-b42e8e4f1e11"
"22","12713948","0.5279","0.5013","0.6806","0.624","0.5726","23.2209","23.2243","sample","good","670cd215-e671-408a-86c7-9be68d3b7171","22288509-9b43-4bab-9a0a-78c81464687b"
"23","12715288","0.5294","0.5006","0.6593","0.6194","0.5725","27.9905","27.9937","sample","good","670cd215-e671-408a-86c7-9be68d3b7171","8ffa6835-0906-4208-95ae-aaec53574270"
"24","12716348","0.5679","0.5002","0.7112","0.6611","0.6136","30.3182","30.3214","sample","good","670cd215-e671-408a-86c7-9be68d3b7171","cd753bb5-5b29-4318-a2f6-44a3d62a0822"
"1",,"0.5627",,"0.567","0.5635","0.5633","33.0792","33.0803","blank","good","24f9db29-4420-45a1-80b1-fed9e0328ce2",
"2","12717489","0.5406","0.4993","0.6552","0.6183","0.5736","28.8292","28.832","sample","good","24f9db29-4420-45a1-80b1-fed9e0328ce2","c44934a5-9038-492a-a394-c40b4ba88a3a"
"3","12718705","0.5511","0.4999","0.6861","0.6345","0.5939","26.8172","26.8196","sample","good","24f9db29-4420-45a1-80b1-fed9e0328ce2","a44381cb-7143-4ab3-ae15-0fdc5054245f"
"4","12869991","0.5336","0.5013","0.6914","0.6251","0.5852","26.2596","26.2625","sample","good","24f9db29-4420-45a1-80b1-fed9e0328ce2","32302776-bcc2-4b8b-ae2b-7fa89b608c97"
"5","12871435","0.5557","0.5002","0.6852","0.6369","0.6009","28.4291","28.4316","sample","good","24f9db29-4420-45a1-80b1-fed9e0328ce2","435864ac-3bc6-4128-8e26-635ef88279a1"
"6","12872560","0.5646","0.5001","0.7152","0.6571","0.6155","25.2233","25.2257","sample","good","24f9db29-4420-45a1-80b1-fed9e0328ce2","df6c649e-8905-4fda-874b-9fbc78320bfb"
"7","12873604","0.544","0.5003","0.7125","0.6493","0.6085","28.4375","28.4401","sample","good","24f9db29-4420-45a1-80b1-fed9e0328ce2","12656c83-15a7-4b20-8468-00090d5e52a0"
"8","12875138","0.551","0.5011","0.703","0.6375","0.5994","22.168","22.1704","sample","good","24f9db29-4420-45a1-80b1-fed9e0328ce2","f48c33d9-e103-4c3c-a279-5a4f00a3fccc"
"9","12882201","0.5507","0.5","0.6939","0.6467","0.5992","29.3745","29.3768","sample","good","24f9db29-4420-45a1-80b1-fed9e0328ce2","460ea52c-0e9b-4a84-bf29-83bc9e3bbf25"
"10","12883911","0.5477","0.5005","0.6806","0.6334","0.5846","25.2431","25.2455","sample","good","24f9db29-4420-45a1-80b1-fed9e0328ce2","3ba929f6-7be2-4020-b38a-c8a0aa0cb60a"
"11","12885071","0.5316","0.5015","0.6646","0.624","0.5768","31.2183","31.2206","sample","good","24f9db29-4420-45a1-80b1-fed9e0328ce2","77e1c006-cccb-4650-a10a-2d5b30fc657f"
"12","12890531","0.5515","0.5004","0.6944","0.6433","0.5975","23.61","23.6124","sample","good","24f9db29-4420-45a1-80b1-fed9e0328ce2","9af41d58-2323-41da-9b2f-b3b5daea87b8"
"13","12891762","0.5399","0.5004","0.6725","0.6304","0.5782","27.9907","27.9933","sample","good","24f9db29-4420-45a1-80b1-fed9e0328ce2","22930cd8-e811-4d82-9758-26405d446eb7"
"14","13214038","0.5656","0.4996","0.7133","0.6556","0.61","30.55","30.5528","sample","good","24f9db29-4420-45a1-80b1-fed9e0328ce2","428bfa94-d58c-4c8e-a15a-687a17969d67"
"15","13214953","0.566","0.4994","0.7148","0.656","0.6121","26.6147","26.6175","sample","good","24f9db29-4420-45a1-80b1-fed9e0328ce2","516f3d61-2aa3-4a80-b56a-e8f0080e235e"
"16","13216007","0.5524","0.5","0.6875","0.6393","0.5919","29.2494","29.2517","sample","good","24f9db29-4420-45a1-80b1-fed9e0328ce2","a09a8d89-227a-4d6b-a4fb-02cdaf4dcda5"
"17","13217338","0.5344","0.4998","0.689","0.6307","0.5905","27.7117","27.7139","sample","good","24f9db29-4420-45a1-80b1-fed9e0328ce2","d10b83ef-c211-4159-87eb-afcdb7a0ec67"
"18","13219226","0.5523","0.5012","0.6942","0.6338","0.5954","28.6733","28.6756","sample","good","24f9db29-4420-45a1-80b1-fed9e0328ce2","3f071796-eafa-454a-a011-afa1902a1e30"
"19","13220115","0.545","0.5003","0.7029","0.6309","0.5895","25.8132","25.8154","sample","good","24f9db29-4420-45a1-80b1-fed9e0328ce2","880867d7-22af-49d8-922a-d22cb33c9ff7"
"20","13221003","0.5334","0.5012","0.6808","0.6183","0.5785","22.9312","22.9336","sample","good","24f9db29-4420-45a1-80b1-fed9e0328ce2","f5f2d946-6b0b-4ad9-822d-82a8b57f374a"
"21","13225400","0.5532","0.4993","0.6833","0.6313","0.5902","28.0332","28.0356","sample","good","24f9db29-4420-45a1-80b1-fed9e0328ce2","23263576-f092-464d-9474-ce9ce13276aa"
"22","13226176","0.5613","0.4991","0.6994","0.6351","0.5979","30.3186","30.3205","sample","good","24f9db29-4420-45a1-80b1-fed9e0328ce2","f13d511e-bb9e-4dc0-9215-b1ade18d9c65"
"23","13227094","0.542","0.5008","0.6932","0.6345","0.5872","23.221","23.2235","sample","good","24f9db29-4420-45a1-80b1-fed9e0328ce2","ea08b29b-f70f-4b21-b0b8-2dea83d57ba6"
"24","13228720","0.5534","0.5","0.6863","0.6313","0.5881","34.0894","34.0911","sample","good","24f9db29-4420-45a1-80b1-fed9e0328ce2","01fc2335-57cc-4bda-a1e5-21afdb8f2e7a"
"1",,"0.5585",,"0.561","0.5585","0.5588","17.1325","17.1336","blank","good","b717962f-a9bf-46bc-bd74-c48fed3de439",
"2","13300835","0.5221","0.5014","0.6637","0.6119","0.5561","17.8364","17.8392","sample","good","b717962f-a9bf-46bc-bd74-c48fed3de439","e0c7ab29-57fb-411f-900d-327dcc233a7d"
"3","13301715","0.5527","0.4997","0.687","0.6453","0.5867","17.4797","17.4829","sample","good","b717962f-a9bf-46bc-bd74-c48fed3de439","ab0eccd0-774f-4bb2-9104-dc5eb3c12f35"
"4","13303329","0.5538","0.5003","0.6876","0.6467","0.5869","17.5704","17.5729","sample","good","b717962f-a9bf-46bc-bd74-c48fed3de439","dfeeb3b9-7ed3-4553-a62f-80ff98babce4"
"5","13304435","0.5387","0.5004","0.6712","0.6205","0.5712","17.1461","17.1488","sample","good","b717962f-a9bf-46bc-bd74-c48fed3de439","24be6d5d-d919-413c-b8ec-eb59c89d37d0"
"6","13310401","0.5302","0.4995","0.6612","0.619","0.5631","18.1054","18.108","sample","good","b717962f-a9bf-46bc-bd74-c48fed3de439","71411c0d-eeae-4f69-975b-a3037a7dfbc0"
"7","13311877","0.5478","0.5007","0.6715","0.6304","0.5786","18.1143","18.1167","sample","good","b717962f-a9bf-46bc-bd74-c48fed3de439","afac05d0-8958-41af-8f68-13097c46efdd"
"8","13313693","0.5423","0.5013","0.6792","0.6324","0.5698","18.0117","18.0142","sample","good","b717962f-a9bf-46bc-bd74-c48fed3de439","e80f6e98-0ffd-43dd-aeea-146f95437715"
"9","13315193","0.5486","0.5015","0.6946","0.6499","0.5869","16.8717","16.8728","sample","good","b717962f-a9bf-46bc-bd74-c48fed3de439","15e5c816-63dc-4091-b1bc-3552d84bcec1"
"10","13315226","0.5239","0.5014","0.6537","0.6048","0.555","16.3527","16.3553","sample","good","b717962f-a9bf-46bc-bd74-c48fed3de439","3b709b03-4896-4384-bb94-b430b84da51c"
"11","13317000","0.5544","0.5005","0.7064","0.6432","0.5908","17.2534","17.2561","sample","good","b717962f-a9bf-46bc-bd74-c48fed3de439","7477747f-e982-4f8a-bdfc-9f61f8bcb271"
"12","13318491","0.5509","0.5014","0.6713","0.6363","0.5899","18.063","18.0657","sample","good","b717962f-a9bf-46bc-bd74-c48fed3de439","1657878d-681f-4313-a649-edd71c20548c"
"13","13319210","0.5528","0.5009","0.7004","0.6506","0.5935","18.7241","18.7271","sample","good","b717962f-a9bf-46bc-bd74-c48fed3de439","412bf855-963e-4f80-86bc-f67d5771db76"
"14","13320438","0.5424","0.5007","0.6826","0.6323","0.5786","17.3914","17.3941","sample","good","b717962f-a9bf-46bc-bd74-c48fed3de439","95bc2934-e01b-4d9e-9532-bd4a9abd8b4a"
"15","13321822","0.5354","0.5012","0.6543","0.6199","0.5717","18.2479","18.2505","sample","good","b717962f-a9bf-46bc-bd74-c48fed3de439","f29b0477-0374-4654-b68a-059647d6e0d4"
"16","13322792","0.5404","0.4997","0.6855","0.641","0.5851","16.7934","16.7963","sample","good","b717962f-a9bf-46bc-bd74-c48fed3de439","44eeb2bc-e740-48b8-af34-3e1e6b59ee3f"
"17","13323843","0.5646","0.5006","0.7197","0.6635","0.6114","16.878","16.881","sample","good","b717962f-a9bf-46bc-bd74-c48fed3de439","e724575a-ce92-4fe9-b539-e60c01f16f09"
"18","13329557","0.5321","0.4993","0.6543","0.6131","0.5633","17.5015","17.5037","sample","good","b717962f-a9bf-46bc-bd74-c48fed3de439","9bc1c947-e88c-4526-9f6e-6e36e6eecb24"
"19","13330262","0.5477","0.4999","0.6699","0.6333","0.586","17.855","17.8576","sample","good","b717962f-a9bf-46bc-bd74-c48fed3de439","51dfb8e6-366e-4193-8edd-2940620f5e83"
"20","13331353","0.5505","0.501","0.6667","0.6312","0.5862","18.125","18.1273","sample","good","b717962f-a9bf-46bc-bd74-c48fed3de439","665d770d-0d28-43a2-be4f-788ecd19cbcb"
"21","13333333","0.5567","0.4992","0.6803","0.6418","0.5966","18.119","18.1217","sample","good","b717962f-a9bf-46bc-bd74-c48fed3de439","624a1f7e-8c32-4fb7-ba6d-ad680b4750df"
"22","13382456","0.5391","0.499","0.6853","0.645","0.5862","17.9928","17.9952","sample","good","b717962f-a9bf-46bc-bd74-c48fed3de439","f7fd8f77-a7fe-45e9-a6e7-3f1b7b4e810b"
"23","13384771","0.5345","0.4998","0.671","0.6246","0.5767","17.6287","17.6308","sample","good","b717962f-a9bf-46bc-bd74-c48fed3de439","448a2f55-60ca-4991-beeb-9764f3e9027a"
"24","13384790","0.561","0.5012","0.6972","0.6505","0.5982","18.1165","18.1188","sample","good","b717962f-a9bf-46bc-bd74-c48fed3de439","4e685c0e-d6e1-4a7f-9e63-c98c51110f71"
"1",,"0.5559",,"0.5598","0.5576","0.5568","26.8169","26.8185","blank","good","54f1c593-899d-4d23-b8bb-235022cc0634",
"2","13386584","0.568","0.5006","0.7145","0.6703","0.6162","28.4291","28.4325","sample","good","54f1c593-899d-4d23-b8bb-235022cc0634","063a7b65-edc4-4cc5-ac19-e0e5408ab264"
"3","13388369","0.5625","0.4989","0.7128","0.6648","0.6041","25.2233","25.2266","sample","good","54f1c593-899d-4d23-b8bb-235022cc0634","bd152767-74ea-4fa7-b0f7-a3f75f37649a"
"4","13391585","0.5544","0.4992","0.6864","0.6416","0.5951","26.2597","26.2626","sample","good","54f1c593-899d-4d23-b8bb-235022cc0634","00fd2e80-571a-4d15-9151-371a5c7ddb09"
"5","13396535","0.5452","0.4994","0.704","0.6555","0.5938","25.243","25.2465","sample","good","54f1c593-899d-4d23-b8bb-235022cc0634","e8f05cbf-faa2-4b6c-8668-2a15657441c1"
"6","13397086","0.5613","0.5005","0.7179","0.6702","0.6108","22.1679","22.1713","sample","good","54f1c593-899d-4d23-b8bb-235022cc0634","52e4968e-369c-4c1a-8ba5-ba9b70491bb7"
"7","13398057","0.5378","0.5013","0.7093","0.6538","0.5879","28.8291","28.833","sample","good","54f1c593-899d-4d23-b8bb-235022cc0634","f3a7c4da-2e0a-455f-932b-399d1e80d1fc"
"8","13401247","0.5428","0.5001","0.7033","0.6537","0.5992","28.4374","28.4408","sample","good","54f1c593-899d-4d23-b8bb-235022cc0634","e9aa8ea9-946d-465d-9973-b0a331b76090"
"9","13401267","0.5339","0.5011","0.716","0.6438","0.5859","33.0791","33.0826","sample","good","54f1c593-899d-4d23-b8bb-235022cc0634","7391ec6e-a013-43d3-995e-e1d2a806dcc9"
"10","13402186","0.5554","0.4991","0.7301","0.6716","0.6132","29.3743","29.3779","sample","good","54f1c593-899d-4d23-b8bb-235022cc0634","ca307ac9-4ba2-462c-87e3-b65cb11c12aa"
"11","13403593","0.5514","0.4999","0.7607","0.6921","0.6202","22.9312","22.9349","sample","good","54f1c593-899d-4d23-b8bb-235022cc0634","0f81d03a-68dd-4e1e-934a-83278aa9222f"
"12","13404937","0.5529","0.4994","0.7278","0.669","0.6093","28.6733","28.6765","sample","good","54f1c593-899d-4d23-b8bb-235022cc0634","23b231e7-6288-4ceb-9d78-434c3fa88a21"
"13","13406829","0.5354","0.5014","0.7172","0.6598","0.5961","31.2183","31.222","sample","good","54f1c593-899d-4d23-b8bb-235022cc0634","c701c9da-7a37-421b-b324-7e886840228e"
"14","13407552","0.5359","0.5002","0.7008","0.6521","0.5935","23.61","23.6133","sample","good","54f1c593-899d-4d23-b8bb-235022cc0634","9bccf80a-a294-4823-a5a2-eb1614495bb5"
"15","13408241","0.5621","0.5005","0.7511","0.6955","0.632","29.2492","29.2528","sample","good","54f1c593-899d-4d23-b8bb-235022cc0634","cd88a4e2-22f9-4694-aacd-a23fb3e79475"
"16","13409315","0.554","0.5001","0.734","0.6681","0.6036","26.6148","26.6184","sample","good","54f1c593-899d-4d23-b8bb-235022cc0634","260474b0-7596-481c-a165-09a520febf46"
"17","13410493","0.5328","0.5007","0.7145","0.6581","0.5975","27.9908","27.9939","sample","good","54f1c593-899d-4d23-b8bb-235022cc0634","b9a1e007-3c4b-4efe-9bf8-2381f4dee41f"
"18","13411649","0.524","0.4993","0.704","0.6469","0.5878","28.0331","28.0362","sample","good","54f1c593-899d-4d23-b8bb-235022cc0634","50a82662-3338-4616-a92f-2ce95d22823d"
"19","13467845","0.5532","0.5005","0.7073","0.644","0.5983","32.0891","34.0919","sample","good","54f1c593-899d-4d23-b8bb-235022cc0634","c3fac3af-7fe4-4e91-afeb-b3188daa5e5e"
"20","13468801","0.5193","0.5001","0.6922","0.6134","0.565","30.3187","30.3213","sample","good","54f1c593-899d-4d23-b8bb-235022cc0634","b0589b0a-1a00-46b3-91d0-27f851bbe2c7"
"21","13469938","0.5445","0.5002","0.6913","0.6283","0.5828","23.2212","23.2238","sample","good","54f1c593-899d-4d23-b8bb-235022cc0634","043af327-cb24-4692-a694-058d1fa26fcb"
"22","13470721","0.5422","0.4999","0.7092","0.6332","0.5876","30.55","30.5524","sample","good","54f1c593-899d-4d23-b8bb-235022cc0634","b4431ded-9db7-4565-a063-9fec906dfe47"
"23","13472096","0.5434","0.4999","0.6921","0.6338","0.5892","25.813","25.8159","sample","good","54f1c593-899d-4d23-b8bb-235022cc0634","a8664cdb-a307-4501-9dc9-54294d01e203"
"24","13473095","0.5274","0.4998","0.6516","0.6002","0.5632","27.7118","27.7143","sample","good","54f1c593-899d-4d23-b8bb-235022cc0634","c4154311-91b6-4e62-bc6e-0ac4325e4559"
